CLAVE,Year,UE
1001,2015,38631
1001,2019,41446
1002,2015,646
1002,2019,910
1003,2015,1857
1003,2019,2021
1004,2015,320
1004,2019,352
1005,2015,3866
1005,2019,4434
1006,2015,1553
1006,2019,1808
1007,2015,1832
1007,2019,1924
1008,2015,280
1008,2019,376
1009,2015,348
1009,2019,523
1010,2015,281
1010,2019,330
1011,2015,894
1011,2019,1320
2001,2015,17600
2001,2019,19365
2002,2015,28341
2002,2019,29954
2003,2015,3248
2003,2019,3411
2004,2015,48033
2004,2019,52248
2005,2015,3569
2005,2019,4220
3001,2015,3380
3001,2019,3530
3002,2015,2517
3002,2019,2397
3003,2015,11395
3003,2019,12416
3008,2015,10804
3008,2019,13049
3009,2015,831
3009,2019,952
4001,2015,2989
4001,2019,3351
4002,2015,12811
4002,2019,13212
4003,2015,10248
4003,2019,10818
4004,2015,3273
4004,2019,3780
4005,2015,1066
4005,2019,990
4006,2015,834
4006,2019,906
4007,2015,295
4007,2019,363
4008,2015,391
4008,2019,450
4009,2015,2322
4009,2019,2361
4010,2015,481
4010,2019,536
4011,2015,846
4011,2019,968
5001,2015,34
5001,2019,30
5002,2015,4103
5002,2019,4612
5003,2015,783
5003,2019,780
5004,2015,374
5004,2019,476
5005,2015,71
5005,2019,73
5006,2015,840
5006,2019,1034
5007,2015,452
5007,2019,463
5008,2015,19
5008,2019,19
5009,2015,1840
5009,2019,1787
5010,2015,2360
5010,2019,2935
5011,2015,241
5011,2019,321
5012,2015,35
5012,2019,29
5013,2015,54
5013,2019,41
5014,2015,189
5014,2019,154
5015,2015,38
5015,2019,38
5016,2015,66
5016,2019,74
5017,2015,2745
5017,2019,2883
5018,2015,8674
5018,2019,9332
5019,2015,262
5019,2019,240
5020,2015,2204
5020,2019,2350
5021,2015,162
5021,2019,134
5022,2015,849
5022,2019,977
5023,2015,268
5023,2019,210
5024,2015,1312
5024,2019,1536
5025,2015,5427
5025,2019,5498
5026,2015,19
5026,2019,28
5027,2015,2493
5027,2019,3241
5028,2015,2281
5028,2019,2596
5029,2015,79
5029,2019,53
5030,2015,24179
5030,2019,26774
5031,2015,882
5031,2019,856
5032,2015,1437
5032,2019,1460
5033,2015,2455
5033,2019,2692
5034,2015,205
5034,2019,199
5035,2015,24615
5035,2019,26310
5036,2015,120
5036,2019,147
5037,2015,205
5037,2019,197
5038,2015,438
5038,2019,436
6001,2015,1185
6001,2019,1535
6002,2015,9988
6002,2019,10385
6003,2015,860
6003,2019,889
6004,2015,739
6004,2019,779
6005,2015,1046
6005,2019,1261
6006,2015,240
6006,2019,256
6007,2015,7951
6007,2019,8927
6008,2015,337
6008,2019,382
6009,2015,4778
6009,2019,5426
6010,2015,4562
6010,2019,5756
7001,2015,613
7001,2019,714
7002,2015,1331
7002,2019,1043
7003,2015,838
7003,2019,906
7004,2015,987
7004,2019,969
7005,2015,236
7005,2019,239
7006,2015,291
7006,2019,352
7007,2015,797
7007,2019,1035
7008,2015,1243
7008,2019,1631
7009,2015,2289
7009,2019,2432
7010,2015,39
7010,2019,38
7011,2015,162
7011,2019,192
7012,2015,2004
7012,2019,2367
7013,2015,1171
7013,2019,1273
7014,2015,307
7014,2019,304
7015,2015,1254
7015,2019,1618
7016,2015,308
7016,2019,322
7017,2015,3379
7017,2019,3854
7018,2015,292
7018,2019,366
7019,2015,10270
7019,2019,11451
7020,2015,876
7020,2019,1320
7021,2015,780
7021,2019,888
7022,2015,180
7022,2019,188
7023,2015,599
7023,2019,918
7024,2015,292
7024,2019,242
7025,2015,129
7025,2019,186
7026,2015,336
7026,2019,429
7027,2015,2630
7027,2019,3182
7028,2015,213
7028,2019,213
7029,2015,189
7029,2019,295
7030,2015,963
7030,2019,1154
7031,2015,924
7031,2019,1169
7032,2015,1085
7032,2019,1371
7033,2015,29
7033,2019,22
7034,2015,2775
7034,2019,3497
7035,2015,230
7035,2019,275
7036,2015,181
7036,2019,203
7037,2015,955
7037,2019,1152
7038,2015,71
7038,2019,194
7039,2015,240
7039,2019,250
7040,2015,3257
7040,2019,3396
7041,2015,898
7041,2019,1133
7042,2015,194
7042,2019,234
7043,2015,261
7043,2019,288
7044,2015,412
7044,2019,586
7045,2015,56
7045,2019,83
7046,2015,709
7046,2019,796
7047,2015,292
7047,2019,504
7048,2015,545
7048,2019,674
7049,2015,421
7049,2019,597
7050,2015,133
7050,2019,176
7051,2015,1804
7051,2019,2009
7052,2015,2197
7052,2019,2602
7053,2015,84
7053,2019,71
7054,2015,844
7054,2019,1186
7055,2015,189
7055,2019,199
7056,2015,67
7056,2019,64
7057,2015,2399
7057,2019,2626
7058,2015,2
7058,2019,81
7059,2015,4746
7059,2019,5484
7060,2015,168
7060,2019,249
7061,2015,2951
7061,2019,3338
7062,2015,247
7062,2019,310
7063,2015,160
7063,2019,157
7064,2015,736
7064,2019,856
7065,2015,3468
7065,2019,4313
7066,2015,457
7066,2019,508
7067,2015,121
7067,2019,158
7068,2015,1117
7068,2019,1235
7069,2015,1769
7069,2019,1880
7070,2015,285
7070,2019,329
7071,2015,704
7071,2019,813
7072,2015,559
7072,2019,880
7073,2015,350
7073,2019,351
7074,2015,1631
7074,2019,1868
7075,2015,1162
7075,2019,1301
7076,2015,263
7076,2019,359
7077,2015,491
7077,2019,602
7078,2015,13481
7078,2019,16055
7079,2015,750
7079,2019,843
7080,2015,498
7080,2019,601
7081,2015,1073
7081,2019,1241
7082,2015,143
7082,2019,170
7083,2015,345
7083,2019,363
7084,2015,114
7084,2019,143
7085,2015,332
7085,2019,391
7086,2015,1016
7086,2019,1125
7087,2015,1538
7087,2019,1604
7088,2015,52
7088,2019,66
7089,2015,16004
7089,2019,16808
7090,2015,116
7090,2019,182
7091,2015,566
7091,2019,691
7092,2015,1181
7092,2019,617
7093,2015,269
7093,2019,300
7094,2015,1286
7094,2019,1922
7096,2015,1075
7096,2019,1362
7097,2015,3891
7097,2019,4620
7098,2015,222
7098,2019,224
7099,2015,1204
7099,2019,1601
7100,2015,242
7100,2019,283
7101,2015,34473
7101,2019,37829
7102,2015,614
7102,2019,670
7103,2015,312
7103,2019,243
7104,2015,424
7104,2019,540
7105,2015,385
7105,2019,436
7106,2015,2247
7106,2019,2773
7107,2015,2763
7107,2019,2887
7108,2015,4729
7108,2019,6035
7109,2015,1464
7109,2019,1629
7110,2015,227
7110,2019,278
7111,2015,875
7111,2019,1201
7112,2015,331
7112,2019,363
7113,2015,73
7113,2019,105
7114,2015,636
7114,2019,728
7115,2015,200
7115,2019,280
7116,2015,209
7116,2019,256
7117,2015,171
7117,2019,256
7118,2015,85
7118,2019,140
7119,2015,48
7119,2019,45
7120,2019,40
7121,2019,107
7122,2019,1149
7123,2019,350
7124,2019,680
8001,2015,449
8001,2019,437
8002,2015,666
8002,2019,708
8003,2015,263
8003,2019,261
8004,2015,166
8004,2019,227
8005,2015,841
8005,2019,874
8006,2015,108
8006,2019,123
8007,2015,187
8007,2019,165
8008,2015,56
8008,2019,52
8009,2015,922
8009,2019,822
8010,2015,934
8010,2019,902
8011,2015,2064
8011,2019,2129
8012,2015,93
8012,2019,78
8013,2015,161
8013,2019,238
8014,2015,63
8014,2019,48
8015,2015,43
8015,2019,26
8016,2015,77
8016,2019,61
8017,2015,6636
8017,2019,6246
8018,2015,17
8018,2019,18
8019,2015,29417
8019,2019,32913
8020,2015,80
8020,2019,67
8021,2015,6313
8021,2019,6604
8022,2015,22
8022,2019,28
8023,2015,35
8023,2019,31
8024,2015,125
8024,2019,156
8025,2015,224
8025,2019,229
8026,2015,29
8026,2019,33
8027,2015,869
8027,2019,1068
8028,2015,100
8028,2019,84
8029,2015,461
8029,2019,511
8030,2015,126
8030,2019,117
8031,2015,1048
8031,2019,1025
8032,2015,5625
8032,2019,5865
8033,2015,13
8033,2019,14
8034,2015,164
8034,2019,145
8035,2015,146
8035,2019,170
8036,2015,1630
8036,2019,1746
8037,2015,35804
8037,2019,37764
8038,2015,85
8038,2019,105
8039,2015,111
8039,2019,116
8040,2015,897
8040,2019,972
8041,2015,27
8041,2019,22
8042,2015,57
8042,2019,32
8043,2015,102
8043,2019,94
8044,2015,107
8044,2019,101
8045,2015,1336
8045,2019,1446
8046,2015,30
8046,2019,34
8047,2015,97
8047,2019,68
8048,2015,697
8048,2019,704
8049,2015,60
8049,2019,68
8050,2015,2537
8050,2019,2690
8051,2015,43
8051,2019,197
8052,2015,1264
8052,2019,870
8053,2015,156
8053,2019,163
8054,2015,45
8054,2019,56
8055,2015,282
8055,2019,305
8056,2015,23
8056,2019,19
8057,2015,58
8057,2019,58
8058,2015,45
8058,2019,32
8059,2015,201
8059,2019,207
8060,2015,413
8060,2019,398
8061,2015,34
8061,2019,34
8062,2015,822
8062,2019,782
8063,2015,97
8063,2019,70
8064,2015,43
8064,2019,49
8065,2015,101
8065,2019,134
8066,2015,59
8066,2019,50
8067,2015,188
8067,2019,177
9002,2015,17100
9002,2019,17444
9003,2015,21507
9003,2019,22393
9004,2015,6369
9004,2019,8138
9005,2015,45967
9005,2019,47953
9006,2015,17049
9006,2019,15899
9007,2015,74251
9007,2019,78935
9008,2015,6059
9008,2019,6979
9009,2015,5990
9009,2019,7075
9010,2015,20119
9010,2019,23055
9011,2015,15285
9011,2019,16966
9012,2015,23524
9012,2019,24643
9013,2015,18066
9013,2019,19264
9014,2015,23126
9014,2019,23873
9015,2015,64993
9015,2019,62134
9016,2015,23335
9016,2019,23585
9017,2015,30682
9017,2019,29514
10001,2015,865
10001,2019,899
10002,2015,102
10002,2019,96
10003,2015,50
10003,2019,52
10004,2015,1024
10004,2019,1046
10005,2015,24094
10005,2019,26458
10006,2015,103
10006,2019,86
10007,2015,10247
10007,2019,11315
10008,2015,1790
10008,2019,1744
10009,2015,189
10009,2019,216
10010,2015,40
10010,2019,31
10011,2015,64
10011,2019,51
10012,2015,3342
10012,2019,3794
10013,2015,864
10013,2019,957
10014,2015,127
10014,2019,144
10015,2015,282
10015,2019,309
10016,2015,349
10016,2019,429
10017,2015,309
10017,2019,281
10018,2015,513
10018,2019,548
10019,2015,49
10019,2019,50
10020,2015,393
10020,2019,409
10021,2015,325
10021,2019,364
10022,2015,728
10022,2019,786
10023,2015,1486
10023,2019,1567
10024,2015,461
10024,2019,452
10025,2015,38
10025,2019,30
10026,2015,296
10026,2019,345
10027,2015,154
10027,2019,138
10028,2015,284
10028,2019,297
10029,2015,91
10029,2019,89
10030,2015,26
10030,2019,23
10031,2015,237
10031,2019,203
10032,2015,1929
10032,2019,1850
10033,2015,245
10033,2019,245
10034,2015,179
10034,2019,210
10035,2015,470
10035,2019,474
10036,2015,548
10036,2019,588
10037,2015,144
10037,2019,146
10038,2015,1518
10038,2019,1610
10039,2015,907
10039,2019,889
11001,2015,1946
11001,2019,2160
11002,2015,5153
11002,2019,5275
11003,2015,5643
11003,2019,5987
11004,2015,2719
11004,2019,2911
11005,2015,2445
11005,2019,2786
11006,2015,34
11006,2019,33
11007,2015,22064
11007,2019,22762
11008,2015,1158
11008,2019,1431
11009,2015,2500
11009,2019,2734
11010,2015,520
11010,2019,545
11011,2015,4150
11011,2019,4355
11012,2015,1255
11012,2019,1508
11013,2015,422
11013,2019,545
11014,2015,4584
11014,2019,5321
11015,2015,5859
11015,2019,6814
11016,2015,622
11016,2019,578
11017,2015,22979
11017,2019,22815
11018,2015,1599
11018,2019,1766
11019,2015,982
11019,2019,1003
11020,2015,73839
11020,2019,75013
11021,2015,5732
11021,2019,6442
11022,2015,598
11022,2019,749
11023,2015,4212
11023,2019,4622
11024,2015,498
11024,2019,529
11025,2015,2620
11025,2019,3341
11026,2015,1706
11026,2019,1822
11027,2015,10241
11027,2019,9918
11028,2015,4458
11028,2019,4703
11029,2015,725
11029,2019,821
11030,2015,2732
11030,2019,3050
11031,2015,7549
11031,2019,8477
11032,2015,3237
11032,2019,3742
11033,2015,3797
11033,2019,4388
11034,2015,204
11034,2019,250
11035,2015,3057
11035,2019,3488
11036,2015,288
11036,2019,310
11037,2015,5585
11037,2019,6882
11038,2015,543
11038,2019,586
11039,2015,1323
11039,2019,1329
11040,2015,225
11040,2019,299
11041,2015,5135
11041,2019,5350
11042,2015,4222
11042,2019,4718
11043,2015,304
11043,2019,392
11044,2015,2456
11044,2019,2842
11045,2015,229
11045,2019,267
11046,2015,2540
11046,2019,2619
12001,2015,33639
12001,2019,33405
12002,2015,292
12002,2019,290
12003,2015,1091
12003,2019,1277
12004,2015,189
12004,2019,297
12005,2015,294
12005,2019,402
12006,2015,440
12006,2019,529
12007,2015,1466
12007,2019,1799
12008,2015,245
12008,2019,229
12009,2015,94
12009,2019,93
12010,2015,233
12010,2019,279
12011,2015,2123
12011,2019,2527
12012,2015,1291
12012,2019,1646
12013,2015,398
12013,2019,441
12014,2015,550
12014,2019,701
12015,2015,562
12015,2019,607
12016,2015,164
12016,2019,169
12017,2015,365
12017,2019,526
12018,2015,647
12018,2019,696
12019,2015,1052
12019,2019,1324
12020,2015,137
12020,2019,219
12021,2015,1699
12021,2019,2011
12022,2015,618
12022,2019,707
12023,2015,1285
12023,2019,1365
12024,2015,169
12024,2019,136
12025,2015,211
12025,2019,277
12026,2015,146
12026,2019,145
12027,2015,546
12027,2019,570
12028,2015,6709
12028,2019,7251
12029,2015,13383
12029,2019,14725
12030,2015,971
12030,2019,1281
12031,2015,141
12031,2019,117
12032,2015,642
12032,2019,845
12033,2015,552
12033,2019,641
12034,2015,1774
12034,2019,2008
12035,2015,8713
12035,2019,9671
12036,2015,351
12036,2019,405
12037,2015,272
12037,2019,310
12038,2015,7089
12038,2019,6380
12039,2015,931
12039,2019,1099
12040,2015,1937
12040,2019,2055
12041,2015,72
12041,2019,89
12042,2015,856
12042,2019,1008
12043,2015,236
12043,2019,340
12044,2015,318
12044,2019,389
12045,2015,913
12045,2019,1222
12046,2015,3696
12046,2019,4920
12047,2015,80
12047,2019,77
12048,2015,2172
12048,2019,2182
12049,2015,524
12049,2019,671
12050,2015,2983
12050,2019,3226
12051,2015,723
12051,2019,976
12052,2015,1644
12052,2019,2319
12053,2015,1941
12053,2019,2201
12054,2015,342
12054,2019,376
12055,2015,9719
12055,2019,9228
12056,2015,518
12056,2019,705
12057,2015,2941
12057,2019,3067
12058,2015,1891
12058,2019,1915
12059,2015,457
12059,2019,571
12060,2015,267
12060,2019,319
12061,2015,2531
12061,2019,2767
12062,2015,739
12062,2019,895
12063,2015,102
12063,2019,137
12064,2015,368
12064,2019,385
12065,2015,219
12065,2019,235
12066,2015,3788
12066,2019,4492
12067,2015,928
12067,2019,1112
12068,2015,525
12068,2019,460
12069,2015,215
12069,2019,269
12070,2015,348
12070,2019,531
12071,2015,1157
12071,2019,1522
12072,2015,109
12072,2019,160
12073,2015,370
12073,2019,407
12074,2015,2021
12074,2019,2319
12075,2015,2929
12075,2019,3463
12076,2015,184
12076,2019,257
12077,2015,781
12077,2019,770
12078,2015,98
12078,2019,102
12079,2015,172
12079,2019,252
12080,2015,293
12080,2019,276
12081,2015,207
12081,2019,298
13001,2015,232
13001,2019,282
13002,2015,822
13002,2019,1080
13003,2015,3981
13003,2019,4510
13004,2015,250
13004,2019,318
13005,2015,788
13005,2019,925
13006,2015,341
13006,2019,416
13007,2015,312
13007,2019,425
13008,2015,2084
13008,2019,2266
13009,2015,242
13009,2019,301
13010,2015,1340
13010,2019,1480
13011,2015,339
13011,2019,412
13012,2015,1052
13012,2019,1186
13013,2015,1570
13013,2019,1763
13014,2015,453
13014,2019,418
13015,2015,103
13015,2019,118
13016,2015,1688
13016,2019,2024
13017,2015,235
13017,2019,253
13018,2015,428
13018,2019,465
13019,2015,139
13019,2019,161
13020,2015,49
13020,2019,46
13021,2015,671
13021,2019,729
13022,2015,202
13022,2019,240
13023,2015,1744
13023,2019,1880
13024,2015,203
13024,2019,216
13025,2015,378
13025,2019,410
13026,2015,60
13026,2019,89
13027,2015,348
13027,2019,491
13028,2015,4698
13028,2019,5465
13029,2015,1503
13029,2019,1615
13030,2015,4886
13030,2019,5648
13031,2015,510
13031,2019,551
13032,2015,640
13032,2019,715
13033,2015,53
13033,2019,50
13034,2015,31
13034,2019,44
13035,2015,213
13035,2019,242
13036,2015,181
13036,2019,218
13037,2015,345
13037,2019,429
13038,2015,90
13038,2019,133
13039,2015,812
13039,2019,945
13040,2015,77
13040,2019,87
13041,2015,2395
13041,2019,2807
13042,2015,382
13042,2019,441
13043,2015,87
13043,2019,94
13044,2015,184
13044,2019,188
13045,2015,128
13045,2019,153
13046,2015,994
13046,2019,1165
13047,2015,39
13047,2019,44
13048,2015,18511
13048,2019,20437
13049,2015,224
13049,2019,286
13050,2015,1604
13050,2019,1810
13051,2015,5333
13051,2019,6428
13052,2015,795
13052,2019,1051
13053,2015,323
13053,2019,414
13054,2015,628
13054,2019,734
13055,2015,160
13055,2019,238
13056,2015,1083
13056,2019,1604
13057,2015,345
13057,2019,473
13058,2015,520
13058,2019,576
13059,2015,623
13059,2019,723
13060,2015,295
13060,2019,336
13061,2015,2732
13061,2019,3162
13062,2015,85
13062,2019,115
13063,2015,2917
13063,2019,3394
13064,2015,124
13064,2019,148
13065,2015,484
13065,2019,598
13066,2015,614
13066,2019,725
13067,2015,2285
13067,2019,2610
13068,2015,110
13068,2019,144
13069,2015,4864
13069,2019,6428
13070,2015,1108
13070,2019,1161
13071,2015,43
13071,2019,51
13072,2015,400
13072,2019,482
13073,2015,398
13073,2019,533
13074,2015,1868
13074,2019,2242
13075,2015,699
13075,2019,835
13076,2015,5286
13076,2019,5868
13077,2015,10055
13077,2019,12062
13078,2015,156
13078,2019,181
13079,2015,60
13079,2019,76
13080,2015,353
13080,2019,503
13081,2015,1576
13081,2019,1926
13082,2015,1089
13082,2019,1327
13083,2015,971
13083,2019,1121
13084,2015,1358
13084,2019,1430
14001,2015,866
14001,2019,1082
14002,2015,1019
14002,2019,1032
14003,2015,1065
14003,2019,1198
14004,2015,145
14004,2019,147
14005,2015,615
14005,2019,642
14006,2015,2866
14006,2019,2862
14007,2015,329
14007,2019,383
14008,2015,3866
14008,2019,4454
14009,2015,749
14009,2019,784
14010,2015,254
14010,2019,331
14011,2015,120
14011,2019,87
14012,2015,162
14012,2019,156
14013,2015,2402
14013,2019,2666
14014,2015,320
14014,2019,355
14015,2015,2971
14015,2019,3153
14016,2015,1633
14016,2019,1809
14017,2015,568
14017,2019,611
14018,2015,2617
14018,2019,3181
14019,2015,99
14019,2019,98
14020,2015,215
14020,2019,471
14021,2015,1081
14021,2019,1061
14022,2015,2323
14022,2019,2731
14023,2015,5951
14023,2019,5743
14024,2015,1203
14024,2019,1206
14025,2015,1123
14025,2019,1356
14026,2015,368
14026,2019,355
14027,2015,179
14027,2019,210
14028,2015,93
14028,2019,112
14029,2015,468
14029,2019,459
14030,2015,2876
14030,2019,2622
14031,2015,43
14031,2019,48
14032,2015,153
14032,2019,181
14033,2015,969
14033,2019,980
14034,2015,68
14034,2019,69
14035,2015,2045
14035,2019,2196
14036,2015,1093
14036,2019,1055
14037,2015,1573
14037,2019,1527
14038,2015,109
14038,2019,130
14039,2015,91605
14039,2019,89984
14040,2015,188
14040,2019,201
14041,2015,327
14041,2019,345
14042,2015,492
14042,2019,605
14043,2015,593
14043,2019,1151
14044,2015,1003
14044,2019,959
14045,2015,656
14045,2019,686
14046,2015,1484
14046,2019,1552
14047,2015,1123
14047,2019,1256
14048,2015,671
14048,2019,742
14049,2015,87
14049,2019,108
14050,2015,1531
14050,2019,1615
14051,2015,461
14051,2019,378
14052,2015,239
14052,2019,253
14053,2015,5974
14053,2019,6522
14054,2015,184
14054,2019,176
14055,2015,959
14055,2019,858
14056,2015,48
14056,2019,46
14057,2015,229
14057,2019,231
14058,2015,692
14058,2019,782
14059,2015,851
14059,2019,908
14060,2015,223
14060,2019,218
14061,2015,173
14061,2019,212
14062,2015,113
14062,2019,123
14063,2015,5268
14063,2019,5969
14064,2015,1188
14064,2019,1335
14065,2015,475
14065,2019,505
14066,2015,1851
14066,2019,2135
14067,2015,12717
14067,2019,15052
14068,2015,459
14068,2019,443
14069,2015,95
14069,2019,109
14070,2015,6124
14070,2019,6455
14071,2015,48
14071,2019,48
14072,2015,289
14072,2019,371
14073,2015,3776
14073,2019,4109
14074,2015,855
14074,2019,901
14075,2015,193
14075,2019,161
14076,2015,143
14076,2019,136
14077,2015,1134
14077,2019,1217
14078,2015,1555
14078,2019,1774
14079,2015,687
14079,2019,684
14080,2015,79
14080,2019,99
14081,2015,98
14081,2019,106
14082,2015,1705
14082,2019,1909
14083,2015,2959
14083,2019,2994
14084,2015,758
14084,2019,966
14085,2015,1367
14085,2019,1402
14086,2015,727
14086,2019,726
14087,2015,766
14087,2019,865
14088,2015,640
14088,2019,730
14089,2015,83
14089,2019,89
14090,2015,378
14090,2019,410
14091,2015,1624
14091,2019,1791
14092,2015,270
14092,2019,274
14093,2015,6971
14093,2019,6856
14094,2015,2325
14094,2019,2335
14095,2015,268
14095,2019,290
14096,2015,776
14096,2019,902
14097,2015,12066
14097,2019,14252
14098,2015,20397
14098,2019,22737
14099,2015,206
14099,2019,224
14100,2015,1038
14100,2019,1377
14101,2015,17507
14101,2019,18208
14102,2015,277
14102,2019,319
14103,2015,321
14103,2019,306
14104,2015,102
14104,2019,95
14105,2015,869
14105,2019,1001
14106,2015,113
14106,2019,100
14107,2015,214
14107,2019,283
14108,2015,1690
14108,2019,1702
14109,2015,498
14109,2019,575
14110,2015,542
14110,2019,720
14111,2015,289
14111,2019,287
14112,2015,371
14112,2019,371
14113,2015,335
14113,2019,382
14114,2015,833
14114,2019,725
14115,2015,247
14115,2019,259
14116,2015,1933
14116,2019,1982
14117,2015,146
14117,2019,149
14118,2015,1143
14118,2019,1145
14119,2015,1180
14119,2019,1319
14120,2015,44325
14120,2019,47052
14121,2015,1402
14121,2019,1333
14122,2015,184
14122,2019,228
14123,2015,317
14123,2019,407
14124,2015,3483
14124,2019,3433
14125,2015,810
14125,2019,826
15001,2015,1098
15001,2019,1381
15002,2015,5816
15002,2019,6678
15003,2015,584
15003,2019,599
15004,2015,428
15004,2019,454
15005,2015,2529
15005,2019,3151
15006,2015,877
15006,2019,1023
15007,2015,303
15007,2019,393
15008,2015,605
15008,2019,648
15009,2015,2218
15009,2019,2594
15010,2015,1293
15010,2019,1512
15011,2015,2053
15011,2019,2565
15012,2015,620
15012,2019,741
15013,2015,15166
15013,2019,17810
15014,2015,4652
15014,2019,5723
15015,2015,1101
15015,2019,1364
15016,2015,803
15016,2019,890
15017,2015,130
15017,2019,180
15018,2015,1857
15018,2019,2046
15019,2015,2083
15019,2019,2472
15020,2015,8842
15020,2019,9726
15021,2015,806
15021,2019,891
15022,2015,512
15022,2019,508
15023,2015,1589
15023,2019,1669
15024,2015,4136
15024,2019,4960
15025,2015,13228
15025,2019,15601
15026,2015,540
15026,2019,682
15027,2015,412
15027,2019,457
15028,2015,835
15028,2019,1057
15029,2015,5957
15029,2019,6922
15030,2015,2399
15030,2019,2837
15031,2015,25333
15031,2019,27935
15032,2015,374
15032,2019,529
15033,2015,66949
15033,2019,72757
15034,2015,332
15034,2019,390
15035,2015,3166
15035,2019,4059
15036,2015,1435
15036,2019,1898
15037,2015,6144
15037,2019,7966
15038,2015,268
15038,2019,305
15039,2015,15428
15039,2019,19630
15040,2015,1627
15040,2019,1874
15041,2015,84
15041,2019,127
15042,2015,5174
15042,2019,6344
15043,2015,979
15043,2019,1154
15044,2015,865
15044,2019,1018
15045,2015,1958
15045,2019,2298
15046,2015,400
15046,2019,436
15047,2015,696
15047,2019,713
15048,2015,1614
15048,2019,2124
15049,2015,572
15049,2019,617
15050,2015,961
15050,2019,1158
15051,2015,5575
15051,2019,6756
15052,2015,1401
15052,2019,1738
15053,2015,1636
15053,2019,1896
15054,2015,10063
15054,2019,11710
15055,2015,623
15055,2019,804
15056,2015,816
15056,2019,1147
15057,2015,26618
15057,2019,30674
15058,2015,45039
15058,2019,46560
15059,2015,892
15059,2019,1261
15060,2015,12347
15060,2019,15066
15061,2015,392
15061,2019,537
15062,2015,3183
15062,2019,3643
15063,2015,780
15063,2019,950
15064,2015,695
15064,2019,852
15065,2015,1397
15065,2019,1476
15066,2015,117
15066,2019,120
15067,2015,2194
15067,2019,2380
15068,2015,1500
15068,2019,1623
15069,2015,220
15069,2019,253
15070,2015,10860
15070,2019,12728
15071,2015,420
15071,2019,488
15072,2015,506
15072,2019,700
15073,2015,1176
15073,2019,1298
15074,2015,2541
15074,2019,3276
15075,2015,1016
15075,2019,1123
15076,2015,5858
15076,2019,7578
15077,2015,73
15077,2019,93
15078,2015,119
15078,2019,113
15079,2015,267
15079,2019,362
15080,2015,278
15080,2019,362
15081,2015,14260
15081,2019,15899
15082,2015,2420
15082,2019,2892
15083,2015,357
15083,2019,365
15084,2015,1424
15084,2019,1802
15085,2015,1854
15085,2019,2225
15086,2015,280
15086,2019,326
15087,2015,2103
15087,2019,2663
15088,2015,3775
15088,2019,4196
15089,2015,359
15089,2019,436
15090,2015,4142
15090,2019,4650
15091,2015,2689
15091,2019,2817
15092,2015,2582
15092,2019,3160
15093,2015,758
15093,2019,929
15094,2015,763
15094,2019,893
15095,2015,3274
15095,2019,4204
15096,2015,1540
15096,2019,1944
15097,2015,386
15097,2019,467
15098,2015,311
15098,2019,339
15099,2015,10293
15099,2019,11560
15100,2015,1682
15100,2019,2189
15101,2015,3578
15101,2019,4156
15102,2015,169
15102,2019,204
15103,2015,1435
15103,2019,1761
15104,2015,24974
15104,2019,28096
15105,2015,259
15105,2019,309
15106,2015,41199
15106,2019,47778
15107,2015,696
15107,2019,734
15108,2015,4379
15108,2019,5295
15109,2015,16212
15109,2019,18388
15110,2015,2921
15110,2019,2930
15111,2015,476
15111,2019,565
15112,2015,980
15112,2019,1278
15113,2015,1237
15113,2019,1562
15114,2015,725
15114,2019,898
15115,2015,2317
15115,2019,2654
15116,2015,213
15116,2019,245
15117,2015,314
15117,2019,354
15118,2015,5719
15118,2019,7358
15119,2015,296
15119,2019,431
15120,2015,6020
15120,2019,7642
15121,2015,16159
15121,2019,18742
15122,2015,15099
15122,2019,17524
15123,2015,705
15123,2019,778
15124,2015,593
15124,2019,619
15125,2015,331
15125,2019,461
16001,2015,544
16001,2019,660
16002,2015,709
16002,2019,716
16003,2015,576
16003,2019,712
16004,2015,477
16004,2019,529
16005,2015,296
16005,2019,323
16006,2015,6097
16006,2019,6483
16007,2015,155
16007,2019,179
16008,2015,168
16008,2019,202
16009,2015,1386
16009,2019,1537
16010,2015,812
16010,2019,821
16011,2015,303
16011,2019,387
16012,2015,1639
16012,2019,1945
16013,2015,237
16013,2019,291
16014,2015,398
16014,2019,596
16015,2015,787
16015,2019,828
16016,2015,675
16016,2019,864
16017,2015,348
16017,2019,458
16018,2015,179
16018,2019,234
16019,2015,851
16019,2019,894
16020,2015,1464
16020,2019,1735
16021,2015,1192
16021,2019,1445
16022,2015,332
16022,2019,358
16023,2015,373
16023,2019,463
16024,2015,1784
16024,2019,2249
16025,2015,2560
16025,2019,3507
16026,2015,80
16026,2019,81
16027,2015,106
16027,2019,121
16028,2015,234
16028,2019,249
16029,2015,538
16029,2019,588
16030,2015,369
16030,2019,503
16031,2015,198
16031,2019,261
16032,2015,233
16032,2019,394
16033,2015,665
16033,2019,819
16034,2015,7761
16034,2019,9211
16035,2015,1153
16035,2019,1352
16036,2015,508
16036,2019,576
16037,2015,228
16037,2019,245
16038,2015,1701
16038,2019,1860
16039,2015,186
16039,2019,250
16040,2015,734
16040,2019,916
16041,2015,579
16041,2019,727
16042,2015,353
16042,2019,434
16043,2015,2200
16043,2019,2807
16044,2015,399
16044,2019,410
16045,2015,1848
16045,2019,2146
16046,2015,305
16046,2019,399
16047,2015,398
16047,2019,437
16048,2015,198
16048,2019,236
16049,2015,469
16049,2019,689
16050,2015,2792
16050,2019,3490
16051,2015,739
16051,2019,948
16052,2015,8230
16052,2019,9212
16053,2015,39907
16053,2019,42784
16054,2015,229
16054,2019,293
16055,2015,2270
16055,2019,2517
16056,2015,1719
16056,2019,2536
16057,2015,235
16057,2019,260
16058,2015,2266
16058,2019,2501
16059,2015,127
16059,2019,133
16060,2015,338
16060,2019,417
16061,2015,437
16061,2019,710
16062,2015,885
16062,2019,946
16063,2015,412
16063,2019,448
16064,2015,660
16064,2019,779
16065,2015,2740
16065,2019,3351
16066,2015,5367
16066,2019,6004
16067,2015,376
16067,2019,434
16068,2015,1015
16068,2019,1014
16069,2015,5393
16069,2019,5840
16070,2015,1023
16070,2019,1168
16071,2015,2685
16071,2019,2919
16072,2015,555
16072,2019,651
16073,2015,3307
16073,2019,3499
16074,2015,384
16074,2019,516
16075,2015,3304
16075,2019,3714
16076,2015,5141
16076,2019,6759
16077,2015,521
16077,2019,598
16078,2015,565
16078,2019,717
16079,2015,1853
16079,2019,2442
16080,2015,236
16080,2019,298
16081,2015,39
16081,2019,72
16082,2015,2153
16082,2019,2835
16083,2015,696
16083,2019,835
16084,2015,1049
16084,2019,1469
16085,2015,1601
16085,2019,1750
16086,2015,556
16086,2019,604
16087,2015,409
16087,2019,564
16088,2015,1311
16088,2019,1691
16089,2015,1158
16089,2019,1479
16090,2015,1281
16090,2019,1813
16091,2015,608
16091,2019,568
16092,2015,271
16092,2019,296
16093,2015,541
16093,2019,600
16094,2015,240
16094,2019,277
16095,2015,466
16095,2019,477
16096,2015,190
16096,2019,163
16097,2015,858
16097,2019,1045
16098,2015,809
16098,2019,1000
16099,2015,347
16099,2019,476
16100,2015,1023
16100,2019,1248
16101,2015,63
16101,2019,90
16102,2015,20446
16102,2019,23523
16103,2015,1166
16103,2019,1391
16104,2015,361
16104,2019,415
16105,2015,692
16105,2019,808
16106,2015,1793
16106,2019,2415
16107,2015,4323
16107,2019,4835
16108,2015,9573
16108,2019,10538
16109,2015,165
16109,2019,185
16110,2015,1623
16110,2019,1939
16111,2015,512
16111,2019,618
16112,2015,7124
16112,2019,7981
16113,2015,980
16113,2019,1064
17001,2015,466
17001,2019,514
17002,2015,639
17002,2019,1005
17003,2015,1838
17003,2019,2298
17004,2015,2453
17004,2019,2868
17005,2015,177
17005,2019,225
17006,2015,12975
17006,2019,14337
17007,2015,21782
17007,2019,23125
17008,2015,3782
17008,2019,3825
17009,2015,934
17009,2019,1158
17010,2015,829
17010,2019,1137
17011,2015,9364
17011,2019,9475
17012,2015,4009
17012,2019,4101
17013,2015,815
17013,2019,943
17014,2015,358
17014,2019,384
17015,2015,1105
17015,2019,598
17016,2015,511
17016,2019,647
17017,2015,2931
17017,2019,2053
17018,2015,5173
17018,2019,5707
17019,2015,1305
17019,2019,1462
17020,2015,1533
17020,2019,1843
17021,2015,388
17021,2019,392
17022,2015,1034
17022,2019,1356
17023,2015,161
17023,2019,166
17024,2015,1945
17024,2019,1942
17025,2015,1021
17025,2019,1077
17026,2015,859
17026,2019,990
17027,2015,311
17027,2019,374
17028,2015,2798
17028,2019,3062
17029,2015,5178
17029,2019,5899
17030,2015,1785
17030,2019,2462
17031,2015,2008
17031,2019,2070
17032,2015,468
17032,2019,632
17033,2015,885
17033,2019,1372
17034,2019,470
17035,2019,1141
18001,2015,1453
18001,2019,1564
18002,2015,520
18002,2019,526
18003,2015,243
18003,2019,382
18004,2015,3992
18004,2019,5817
18005,2015,114
18005,2019,189
18006,2015,1576
18006,2019,1833
18007,2015,747
18007,2019,816
18008,2015,2068
18008,2019,2519
18009,2015,181
18009,2019,303
18010,2015,547
18010,2019,753
18011,2015,908
18011,2019,1071
18012,2015,1670
18012,2019,2522
18013,2015,278
18013,2019,272
18014,2015,407
18014,2019,517
18015,2015,3435
18015,2019,4897
18016,2015,1712
18016,2019,2072
18017,2015,20577
18017,2019,23144
18018,2015,1890
18018,2019,2112
18019,2015,28
18019,2019,239
18020,2015,6400
18020,2019,8451
19001,2015,56
19001,2019,51
19002,2015,97
19002,2019,81
19003,2015,22
19003,2019,31
19004,2015,1288
19004,2019,1525
19005,2015,704
19005,2019,704
19006,2015,11421
19006,2019,13472
19007,2015,318
19007,2019,368
19008,2015,194
19008,2019,175
19009,2015,2867
19009,2019,3076
19010,2015,382
19010,2019,450
19011,2015,336
19011,2019,312
19012,2015,831
19012,2019,998
19013,2015,445
19013,2019,427
19014,2015,838
19014,2019,837
19015,2015,27
19015,2019,31
19016,2015,67
19016,2019,50
19017,2015,509
19017,2019,741
19018,2015,2919
19018,2019,4507
19019,2015,5894
19019,2019,6758
19020,2015,196
19020,2019,241
19021,2015,8897
19021,2019,10659
19022,2015,440
19022,2019,423
19023,2015,45
19023,2019,39
19024,2015,134
19024,2019,173
19025,2015,1184
19025,2019,1313
19026,2015,19528
19026,2019,20762
19027,2015,71
19027,2019,79
19028,2015,45
19028,2019,31
19029,2015,213
19029,2019,276
19030,2015,76
19030,2019,117
19031,2015,5078
19031,2019,6922
19032,2015,251
19032,2019,151
19033,2015,2680
19033,2019,2816
19034,2015,112
19034,2019,121
19035,2015,17
19035,2019,20
19036,2015,86
19036,2019,84
19037,2015,135
19037,2019,145
19038,2015,1965
19038,2019,1857
19039,2015,50022
19039,2019,53114
19040,2015,28
19040,2019,38
19041,2015,493
19041,2019,891
19042,2015,84
19042,2019,95
19043,2015,39
19043,2019,44
19044,2015,1654
19044,2019,1796
19045,2015,820
19045,2019,868
19046,2015,13574
19046,2019,14341
19047,2015,509
19047,2019,548
19048,2015,5916
19048,2019,7041
19049,2015,1495
19049,2019,1633
19050,2015,20
19050,2019,31
19051,2015,160
19051,2019,182
20001,2015,53
20001,2019,45
20002,2015,1151
20002,2019,1649
20003,2015,57
20003,2019,62
20004,2015,49
20004,2019,59
20005,2015,418
20005,2019,561
20006,2015,1772
20006,2019,2090
20007,2015,99
20007,2019,97
20008,2015,13
20008,2019,38
20009,2015,248
20009,2019,298
20010,2015,363
20010,2019,411
20011,2015,55
20011,2019,65
20012,2015,224
20012,2019,562
20013,2015,175
20013,2019,279
20014,2015,1848
20014,2019,2314
20015,2015,56
20015,2019,200
20016,2015,172
20016,2019,217
20017,2015,17
20017,2019,25
20018,2015,41
20018,2019,35
20019,2015,36
20019,2019,41
20020,2015,36
20020,2019,92
20021,2015,558
20021,2019,734
20022,2015,36
20022,2019,37
20023,2015,683
20023,2019,977
20024,2015,59
20024,2019,75
20025,2015,673
20025,2019,911
20026,2015,527
20026,2019,622
20027,2015,61
20027,2019,74
20028,2015,1017
20028,2019,1052
20029,2015,85
20029,2019,86
20030,2015,431
20030,2019,478
20031,2015,224
20031,2019,287
20032,2015,23
20032,2019,22
20033,2015,128
20033,2019,174
20034,2015,64
20034,2019,66
20035,2015,49
20035,2019,56
20036,2015,68
20036,2019,103
20037,2015,76
20037,2019,88
20038,2015,159
20038,2019,194
20039,2015,5957
20039,2019,6346
20040,2015,84
20040,2019,99
20041,2015,1492
20041,2019,1806
20042,2015,293
20042,2019,346
20043,2015,10195
20043,2019,11516
20044,2015,2041
20044,2019,2351
20045,2015,223
20045,2019,270
20046,2015,100
20046,2019,109
20047,2015,7
20047,2019,9
20048,2015,9
20048,2019,12
20049,2015,33
20049,2019,45
20050,2015,106
20050,2019,137
20051,2015,287
20051,2019,667
20052,2015,259
20052,2019,343
20053,2015,64
20053,2019,102
20054,2015,19
20054,2019,24
20055,2015,227
20055,2019,275
20056,2015,73
20056,2019,82
20057,2015,2569
20057,2019,2617
20058,2015,70
20058,2019,115
20059,2015,2418
20059,2019,2853
20060,2015,39
20060,2019,39
20061,2015,49
20061,2019,61
20062,2015,43
20062,2019,49
20063,2015,268
20063,2019,360
20064,2015,96
20064,2019,110
20065,2015,49
20065,2019,52
20066,2015,226
20066,2019,311
20067,2015,25610
20067,2019,27456
20068,2015,1626
20068,2019,1817
20069,2015,43
20069,2019,70
20070,2015,149
20070,2019,236
20071,2015,75
20071,2019,197
20072,2015,128
20072,2019,201
20073,2015,1290
20073,2019,1541
20074,2015,15
20074,2019,15
20075,2015,176
20075,2019,272
20076,2015,96
20076,2019,120
20077,2015,94
20077,2019,159
20078,2015,52
20078,2019,87
20079,2015,4925
20079,2019,5517
20080,2015,67
20080,2019,104
20081,2015,82
20081,2019,98
20082,2015,87
20082,2019,137
20083,2015,475
20083,2019,719
20084,2015,165
20084,2019,194
20085,2015,204
20085,2019,287
20086,2015,76
20086,2019,83
20087,2015,483
20087,2019,662
20088,2015,38
20088,2019,54
20089,2015,175
20089,2019,172
20090,2015,262
20090,2019,363
20091,2015,229
20091,2019,287
20092,2015,40
20092,2019,55
20093,2015,11
20093,2019,23
20094,2015,36
20094,2019,42
20095,2015,57
20095,2019,62
20096,2015,31
20096,2019,32
20097,2015,32
20097,2019,42
20098,2015,60
20098,2019,102
20099,2015,28
20099,2019,25
20100,2015,13
20100,2019,16
20101,2015,43
20101,2019,53
20102,2015,104
20102,2019,147
20103,2015,365
20103,2019,429
20104,2015,91
20104,2019,97
20105,2015,64
20105,2019,128
20106,2015,7
20106,2019,7
20107,2015,1727
20107,2019,2032
20108,2015,88
20108,2019,117
20109,2015,30
20109,2019,42
20110,2015,8
20110,2019,16
20111,2015,83
20111,2019,159
20112,2015,277
20112,2019,335
20113,2015,140
20113,2019,224
20114,2015,13
20114,2019,18
20115,2015,649
20115,2019,770
20116,2015,130
20116,2019,140
20117,2015,62
20117,2019,89
20118,2015,113
20118,2019,128
20119,2015,39
20119,2019,40
20120,2015,36
20120,2019,44
20121,2015,21
20121,2019,18
20122,2015,30
20122,2019,49
20123,2015,99
20123,2019,130
20124,2015,2002
20124,2019,2407
20125,2015,60
20125,2019,71
20126,2015,839
20126,2019,1127
20127,2015,66
20127,2019,51
20128,2015,89
20128,2019,117
20129,2015,35
20129,2019,45
20130,2015,183
20130,2019,225
20131,2015,794
20131,2019,977
20132,2015,47
20132,2019,54
20133,2015,43
20133,2019,52
20134,2015,537
20134,2019,543
20135,2015,131
20135,2019,189
20136,2015,320
20136,2019,467
20137,2015,32
20137,2019,35
20138,2015,22
20138,2019,32
20139,2015,9
20139,2019,9
20140,2015,24
20140,2019,25
20141,2015,256
20141,2019,474
20142,2015,14
20142,2019,32
20143,2015,345
20143,2019,566
20144,2015,34
20144,2019,36
20145,2015,230
20145,2019,323
20146,2015,93
20146,2019,159
20147,2015,21
20147,2019,23
20148,2015,31
20148,2019,28
20149,2015,49
20149,2019,75
20150,2015,743
20150,2019,781
20151,2015,73
20151,2019,48
20152,2015,56
20152,2019,71
20153,2015,261
20153,2019,310
20154,2015,25
20154,2019,23
20155,2015,14
20155,2019,26
20156,2015,116
20156,2019,138
20157,2015,864
20157,2019,976
20158,2015,40
20158,2019,60
20159,2015,45
20159,2019,42
20160,2015,110
20160,2019,81
20161,2015,17
20161,2019,25
20162,2015,66
20162,2019,76
20163,2015,80
20163,2019,92
20164,2015,82
20164,2019,90
20165,2015,120
20165,2019,122
20166,2015,247
20166,2019,310
20167,2015,22
20167,2019,39
20168,2015,47
20168,2019,57
20169,2015,68
20169,2019,159
20170,2015,122
20170,2019,227
20171,2015,198
20171,2019,266
20172,2015,18
20172,2019,22
20173,2015,69
20173,2019,77
20174,2015,195
20174,2019,249
20175,2015,12
20175,2019,40
20176,2015,100
20176,2019,134
20177,2015,381
20177,2019,424
20178,2015,21
20178,2019,37
20179,2015,41
20179,2019,80
20180,2015,86
20180,2019,88
20181,2015,14
20181,2019,22
20182,2015,32
20182,2019,76
20183,2015,35
20183,2019,64
20184,2015,6916
20184,2019,8033
20185,2015,308
20185,2019,344
20186,2015,29
20186,2019,28
20187,2015,49
20187,2019,41
20188,2015,167
20188,2019,259
20189,2015,32
20189,2019,40
20190,2015,1076
20190,2019,1353
20191,2015,16
20191,2019,22
20192,2015,102
20192,2019,141
20193,2015,95
20193,2019,120
20194,2015,366
20194,2019,442
20195,2015,37
20195,2019,49
20196,2015,19
20196,2019,27
20197,2015,221
20197,2019,413
20198,2015,459
20198,2019,723
20199,2015,29
20199,2019,29
20200,2015,86
20200,2019,127
20201,2015,34
20201,2019,36
20202,2015,86
20202,2019,231
20203,2015,14
20203,2019,39
20204,2015,14
20204,2019,16
20205,2015,9
20205,2019,18
20206,2015,48
20206,2019,51
20207,2015,64
20207,2019,110
20208,2015,228
20208,2019,241
20209,2015,16
20209,2019,25
20210,2015,28
20210,2019,53
20211,2015,27
20211,2019,19
20212,2015,19
20212,2019,17
20213,2015,104
20213,2019,111
20214,2015,65
20214,2019,63
20215,2015,25
20215,2019,26
20216,2015,33
20216,2019,30
20217,2015,22
20217,2019,24
20218,2015,81
20218,2019,107
20219,2015,194
20219,2019,297
20220,2015,12
20220,2019,19
20221,2015,27
20221,2019,24
20222,2015,47
20222,2019,87
20223,2015,18
20223,2019,26
20224,2015,25
20224,2019,23
20225,2015,81
20225,2019,97
20226,2015,152
20226,2019,204
20227,2015,762
20227,2019,927
20228,2015,20
20228,2019,47
20229,2015,54
20229,2019,6
20230,2015,32
20230,2019,29
20231,2015,56
20231,2019,56
20232,2015,385
20232,2019,836
20233,2015,75
20233,2019,95
20234,2015,40
20234,2019,38
20235,2015,144
20235,2019,163
20236,2015,41
20236,2019,48
20237,2015,100
20237,2019,116
20238,2015,17
20238,2019,28
20239,2015,13
20239,2019,15
20240,2015,40
20240,2019,44
20241,2015,66
20241,2019,96
20242,2015,213
20242,2019,226
20243,2015,247
20243,2019,255
20244,2015,90
20244,2019,111
20245,2015,41
20245,2019,39
20246,2015,49
20246,2019,64
20247,2015,142
20247,2019,150
20248,2015,435
20248,2019,806
20249,2015,157
20249,2019,182
20250,2015,26
20250,2019,45
20251,2015,71
20251,2019,58
20252,2015,66
20252,2019,81
20253,2015,42
20253,2019,56
20254,2015,44
20254,2019,76
20255,2015,93
20255,2019,133
20256,2015,12
20256,2019,18
20257,2015,39
20257,2019,42
20258,2015,53
20258,2019,47
20259,2015,166
20259,2019,174
20260,2015,76
20260,2019,95
20261,2015,101
20261,2019,87
20262,2015,15
20262,2019,71
20263,2015,144
20263,2019,161
20264,2015,21
20264,2019,35
20265,2015,75
20265,2019,88
20266,2015,57
20266,2019,224
20267,2015,19
20267,2019,22
20268,2015,47
20268,2019,58
20269,2015,143
20269,2019,180
20270,2015,108
20270,2019,137
20271,2015,38
20271,2019,31
20272,2015,238
20272,2019,299
20273,2015,75
20273,2019,97
20274,2015,25
20274,2019,53
20275,2015,158
20275,2019,217
20276,2015,30
20276,2019,32
20277,2015,297
20277,2019,404
20278,2015,445
20278,2019,1126
20279,2015,104
20279,2019,173
20280,2015,139
20280,2019,174
20281,2015,14
20281,2019,15
20282,2015,15
20282,2019,38
20283,2015,80
20283,2019,82
20284,2015,150
20284,2019,307
20285,2015,104
20285,2019,134
20286,2015,135
20286,2019,150
20287,2015,14
20287,2019,24
20288,2015,15
20288,2019,16
20289,2015,29
20289,2019,31
20290,2015,66
20290,2019,69
20291,2015,51
20291,2019,53
20292,2015,11
20292,2019,11
20293,2015,371
20293,2019,447
20294,2015,351
20294,2019,396
20295,2015,667
20295,2019,917
20296,2015,32
20296,2019,32
20297,2015,45
20297,2019,55
20298,2015,1755
20298,2019,2176
20299,2015,239
20299,2019,245
20300,2015,249
20300,2019,718
20301,2015,95
20301,2019,121
20302,2015,102
20302,2019,145
20303,2015,75
20303,2019,124
20304,2015,11
20304,2019,13
20305,2015,313
20305,2019,345
20306,2015,49
20306,2019,64
20307,2015,126
20307,2019,152
20308,2015,142
20308,2019,185
20309,2015,226
20309,2019,576
20310,2015,171
20310,2019,280
20311,2015,110
20311,2019,149
20312,2015,199
20312,2019,291
20313,2015,310
20313,2019,213
20314,2015,198
20314,2019,258
20315,2015,48
20315,2019,59
20316,2015,47
20316,2019,58
20317,2015,13
20317,2019,23
20318,2015,3845
20318,2019,4809
20319,2015,29
20319,2019,34
20320,2015,27
20320,2019,27
20321,2015,19
20321,2019,15
20322,2015,27
20322,2019,47
20323,2015,34
20323,2019,55
20324,2015,1852
20324,2019,3093
20325,2015,401
20325,2019,421
20326,2015,51
20326,2019,85
20327,2015,528
20327,2019,737
20328,2015,238
20328,2019,311
20329,2015,40
20329,2019,64
20330,2015,63
20330,2019,84
20331,2015,123
20331,2019,150
20332,2015,11
20332,2019,11
20333,2015,126
20333,2019,164
20334,2015,1765
20334,2019,3240
20335,2015,20
20335,2019,24
20336,2015,41
20336,2019,44
20337,2015,319
20337,2019,363
20338,2015,776
20338,2019,924
20339,2015,250
20339,2019,287
20340,2015,57
20340,2019,74
20341,2015,13
20341,2019,14
20342,2015,65
20342,2019,119
20343,2015,83
20343,2019,97
20344,2015,92
20344,2019,87
20345,2015,84
20345,2019,115
20346,2015,245
20346,2019,371
20347,2015,147
20347,2019,175
20348,2015,192
20348,2019,233
20349,2015,121
20349,2019,136
20350,2015,724
20350,2019,919
20351,2015,54
20351,2019,65
20352,2015,107
20352,2019,120
20353,2015,49
20353,2019,129
20354,2015,13
20354,2019,17
20355,2015,17
20355,2019,25
20356,2015,236
20356,2019,420
20357,2015,62
20357,2019,62
20358,2015,61
20358,2019,60
20359,2015,44
20359,2019,47
20360,2015,158
20360,2019,221
20361,2015,31
20361,2019,25
20362,2015,61
20362,2019,52
20363,2015,43
20363,2019,174
20364,2015,1065
20364,2019,1541
20365,2015,15
20365,2019,62
20366,2015,180
20366,2019,201
20367,2015,115
20367,2019,303
20368,2015,68
20368,2019,97
20369,2015,77
20369,2019,131
20370,2015,29
20370,2019,27
20371,2015,63
20371,2019,58
20372,2015,54
20372,2019,57
20373,2015,44
20373,2019,50
20374,2015,34
20374,2019,41
20375,2015,431
20375,2019,606
20376,2015,28
20376,2019,27
20377,2015,118
20377,2019,157
20378,2015,80
20378,2019,102
20379,2015,30
20379,2019,41
20380,2015,183
20380,2019,223
20381,2015,171
20381,2019,176
20382,2015,42
20382,2019,54
20383,2015,9
20383,2019,11
20384,2015,464
20384,2019,451
20385,2015,3614
20385,2019,4458
20386,2015,65
20386,2019,102
20387,2015,130
20387,2019,176
20388,2015,17
20388,2019,24
20389,2015,35
20389,2019,69
20390,2015,3549
20390,2019,3805
20391,2015,42
20391,2019,42
20392,2015,54
20392,2019,64
20393,2015,146
20393,2019,185
20394,2015,33
20394,2019,55
20395,2015,50
20395,2019,76
20396,2015,75
20396,2019,109
20397,2015,2185
20397,2019,2702
20398,2015,370
20398,2019,397
20399,2015,1575
20399,2019,1864
20400,2015,119
20400,2019,94
20401,2015,796
20401,2019,1530
20402,2015,72
20402,2019,81
20403,2015,191
20403,2019,221
20404,2015,28
20404,2019,34
20405,2015,164
20405,2019,107
20406,2015,15
20406,2019,325
20407,2015,123
20407,2019,147
20408,2015,7
20408,2019,14
20409,2015,535
20409,2019,715
20410,2015,28
20410,2019,38
20411,2015,34
20411,2019,54
20412,2015,92
20412,2019,238
20413,2015,2581
20413,2019,3549
20414,2015,300
20414,2019,345
20415,2015,105
20415,2019,130
20416,2015,115
20416,2019,166
20417,2015,68
20417,2019,91
20418,2015,592
20418,2019,996
20419,2015,30
20419,2019,53
20420,2015,38
20420,2019,48
20421,2015,184
20421,2019,292
20422,2015,19
20422,2019,18
20423,2015,8
20423,2019,7
20424,2015,44
20424,2019,46
20425,2015,41
20425,2019,63
20426,2015,38
20426,2019,46
20427,2015,219
20427,2019,315
20428,2015,21
20428,2019,36
20429,2015,41
20429,2019,62
20430,2015,27
20430,2019,37
20431,2015,72
20431,2019,86
20432,2015,60
20432,2019,55
20433,2015,40
20433,2019,57
20434,2015,43
20434,2019,57
20435,2015,64
20435,2019,86
20436,2015,238
20436,2019,284
20437,2015,213
20437,2019,301
20438,2015,46
20438,2019,54
20439,2015,365
20439,2019,1500
20440,2015,26
20440,2019,39
20441,2015,1213
20441,2019,1673
20442,2015,18
20442,2019,21
20443,2015,19
20443,2019,35
20444,2015,15
20444,2019,24
20445,2015,23
20445,2019,22
20446,2015,19
20446,2019,38
20447,2015,419
20447,2019,728
20448,2015,29
20448,2019,42
20449,2015,125
20449,2019,137
20450,2015,108
20450,2019,155
20451,2015,36
20451,2019,56
20452,2015,187
20452,2019,404
20453,2015,169
20453,2019,220
20454,2015,37
20454,2019,38
20455,2015,91
20455,2019,126
20456,2015,178
20456,2019,191
20457,2015,31
20457,2019,36
20458,2015,32
20458,2019,36
20459,2015,193
20459,2019,281
20460,2015,63
20460,2019,92
20461,2015,21
20461,2019,18
20462,2015,173
20462,2019,155
20463,2015,21
20463,2019,26
20464,2015,36
20464,2019,36
20465,2015,42
20465,2019,50
20466,2015,74
20466,2019,179
20467,2015,713
20467,2019,1132
20468,2015,72
20468,2019,112
20469,2015,1250
20469,2019,1490
20470,2015,42
20470,2019,84
20471,2015,24
20471,2019,28
20472,2015,185
20472,2019,268
20473,2015,34
20473,2019,35
20474,2015,133
20474,2019,133
20475,2015,734
20475,2019,844
20476,2015,26
20476,2019,40
20477,2015,26
20477,2019,24
20478,2015,34
20478,2019,31
20479,2015,16
20479,2019,11
20480,2015,17
20480,2019,18
20481,2015,31
20481,2019,34
20482,2015,2836
20482,2019,3549
20483,2015,356
20483,2019,432
20484,2015,267
20484,2019,256
20485,2015,48
20485,2019,62
20486,2015,125
20486,2019,140
20487,2015,32
20487,2019,32
20488,2015,18
20488,2019,17
20489,2015,32
20489,2019,80
20490,2015,35
20490,2019,52
20491,2015,41
20491,2019,45
20492,2015,48
20492,2019,62
20493,2015,15
20493,2019,18
20494,2015,18
20494,2019,23
20495,2015,48
20495,2019,37
20496,2015,32
20496,2019,43
20497,2015,131
20497,2019,374
20498,2015,31
20498,2019,46
20499,2015,204
20499,2019,227
20500,2015,191
20500,2019,238
20501,2015,37
20501,2019,38
20502,2015,88
20502,2019,122
20503,2015,41
20503,2019,36
20504,2015,54
20504,2019,78
20505,2015,423
20505,2019,532
20506,2015,33
20506,2019,85
20507,2015,115
20507,2019,167
20508,2015,56
20508,2019,127
20509,2015,116
20509,2019,211
20510,2015,21
20510,2019,30
20511,2015,30
20511,2019,28
20512,2015,20
20512,2019,23
20513,2015,282
20513,2019,364
20514,2015,16
20514,2019,18
20515,2015,2968
20515,2019,4697
20516,2015,170
20516,2019,231
20517,2015,92
20517,2019,156
20518,2015,7
20518,2019,9
20519,2015,121
20519,2019,190
20520,2015,268
20520,2019,270
20521,2015,7
20521,2019,16
20522,2015,80
20522,2019,101
20523,2015,72
20523,2019,88
20524,2015,147
20524,2019,87
20525,2015,591
20525,2019,826
20526,2015,519
20526,2019,685
20527,2015,91
20527,2019,78
20528,2015,113
20528,2019,118
20529,2015,15
20529,2019,12
20530,2015,193
20530,2019,289
20531,2015,285
20531,2019,359
20532,2015,30
20532,2019,46
20533,2015,51
20533,2019,86
20534,2015,125
20534,2019,327
20535,2015,77
20535,2019,91
20536,2015,19
20536,2019,25
20537,2015,233
20537,2019,206
20538,2015,22
20538,2019,29
20539,2015,262
20539,2019,369
20540,2015,578
20540,2019,713
20541,2015,60
20541,2019,67
20542,2015,21
20542,2019,28
20543,2015,117
20543,2019,192
20544,2015,60
20544,2019,79
20545,2015,543
20545,2019,666
20546,2015,893
20546,2019,1128
20547,2015,53
20547,2019,68
20548,2015,123
20548,2019,159
20549,2015,325
20549,2019,331
20550,2015,294
20550,2019,415
20551,2015,1575
20551,2019,1913
20552,2015,50
20552,2019,50
20553,2015,827
20553,2019,999
20554,2015,95
20554,2019,101
20555,2015,35
20555,2019,62
20556,2015,13
20556,2019,14
20557,2015,682
20557,2019,1032
20558,2015,30
20558,2019,31
20559,2015,498
20559,2019,576
20560,2015,438
20560,2019,809
20561,2015,184
20561,2019,231
20562,2015,91
20562,2019,101
20563,2015,50
20563,2019,57
20564,2015,208
20564,2019,314
20565,2015,2096
20565,2019,2644
20566,2015,55
20566,2019,61
20567,2015,134
20567,2019,137
20568,2015,296
20568,2019,334
20569,2015,27
20569,2019,39
20570,2015,1046
20570,2019,1426
21001,2015,2476
21001,2019,2686
21002,2015,273
21002,2019,276
21003,2015,2174
21003,2019,2262
21004,2015,2692
21004,2019,3268
21005,2015,551
21005,2019,586
21006,2015,257
21006,2019,308
21007,2015,53
21007,2019,68
21008,2015,245
21008,2019,301
21009,2015,72
21009,2019,67
21010,2015,3023
21010,2019,4304
21011,2015,143
21011,2019,185
21012,2015,236
21012,2019,291
21013,2015,1915
21013,2019,2365
21014,2015,142
21014,2019,149
21015,2015,5156
21015,2019,6159
21016,2015,125
21016,2019,164
21017,2015,818
21017,2019,1115
21018,2015,54
21018,2019,78
21019,2015,7509
21019,2019,7979
21020,2015,488
21020,2019,546
21021,2015,65
21021,2019,60
21022,2015,388
21022,2019,456
21023,2015,195
21023,2019,260
21024,2015,41
21024,2019,30
21025,2015,338
21025,2019,362
21026,2015,594
21026,2019,749
21027,2015,29
21027,2019,45
21028,2015,47
21028,2019,62
21029,2015,116
21029,2019,163
21030,2015,25
21030,2019,29
21031,2015,184
21031,2019,198
21032,2015,30
21032,2019,45
21033,2015,404
21033,2019,460
21034,2015,2790
21034,2019,2908
21035,2015,603
21035,2019,676
21036,2015,105
21036,2019,124
21037,2015,95
21037,2019,82
21038,2015,454
21038,2019,632
21039,2015,176
21039,2019,204
21040,2015,116
21040,2019,145
21041,2015,3698
21041,2019,4493
21042,2015,66
21042,2019,90
21043,2015,1193
21043,2019,1309
21044,2015,353
21044,2019,435
21045,2015,1915
21045,2019,2267
21046,2015,386
21046,2019,456
21047,2015,1117
21047,2019,1284
21048,2015,746
21048,2019,898
21049,2015,147
21049,2019,203
21050,2015,147
21050,2019,188
21051,2015,1561
21051,2019,1512
21052,2015,350
21052,2019,389
21053,2015,2388
21053,2019,2762
21054,2015,854
21054,2019,1070
21055,2015,154
21055,2019,170
21056,2015,73
21056,2019,75
21057,2015,122
21057,2019,134
21058,2015,562
21058,2019,821
21059,2015,110
21059,2019,120
21060,2015,256
21060,2019,266
21061,2015,94
21061,2019,144
21062,2015,148
21062,2019,157
21063,2015,585
21063,2019,702
21064,2015,339
21064,2019,461
21065,2015,781
21065,2019,953
21066,2015,199
21066,2019,226
21067,2015,834
21067,2019,1111
21068,2015,112
21068,2019,115
21069,2015,532
21069,2019,617
21070,2015,177
21070,2019,188
21071,2015,5272
21071,2019,6071
21072,2015,274
21072,2019,286
21073,2015,491
21073,2019,553
21074,2015,3015
21074,2019,3682
21075,2015,480
21075,2019,699
21076,2015,508
21076,2019,589
21077,2015,78
21077,2019,100
21078,2015,135
21078,2019,219
21079,2015,172
21079,2019,226
21080,2015,42
21080,2019,62
21081,2015,67
21081,2019,98
21082,2015,409
21082,2019,461
21083,2015,72
21083,2019,97
21084,2015,187
21084,2019,221
21085,2015,4943
21085,2019,5127
21086,2015,16
21086,2019,19
21087,2015,498
21087,2019,538
21088,2015,95
21088,2019,100
21089,2015,333
21089,2019,398
21090,2015,939
21090,2019,968
21091,2015,541
21091,2019,541
21092,2015,324
21092,2019,278
21093,2015,25
21093,2019,42
21094,2015,1754
21094,2019,2113
21095,2015,21
21095,2019,46
21096,2015,72
21096,2019,85
21097,2015,86
21097,2019,92
21098,2015,168
21098,2019,204
21099,2015,387
21099,2019,411
21100,2015,72
21100,2019,91
21101,2015,58
21101,2019,78
21102,2015,892
21102,2019,1170
21103,2015,158
21103,2019,189
21104,2015,827
21104,2019,941
21105,2015,98
21105,2019,100
21106,2015,1111
21106,2019,1386
21107,2015,182
21107,2019,193
21108,2015,655
21108,2019,714
21109,2015,975
21109,2019,1040
21110,2015,1487
21110,2019,1780
21111,2015,442
21111,2019,639
21112,2015,274
21112,2019,299
21113,2015,156
21113,2019,169
21114,2015,80712
21114,2019,85710
21115,2015,1495
21115,2019,2351
21116,2015,165
21116,2019,157
21117,2015,1216
21117,2019,1328
21118,2015,1087
21118,2019,1449
21119,2015,5808
21119,2019,7054
21120,2015,48
21120,2019,66
21121,2015,32
21121,2019,44
21122,2015,296
21122,2019,362
21123,2015,23
21123,2019,20
21124,2015,885
21124,2019,1365
21125,2015,498
21125,2019,580
21126,2015,78
21126,2019,96
21127,2015,96
21127,2019,104
21128,2015,254
21128,2019,333
21129,2015,564
21129,2019,875
21130,2015,135
21130,2019,180
21131,2015,191
21131,2019,195
21132,2015,9919
21132,2019,10668
21133,2015,44
21133,2019,42
21134,2015,987
21134,2019,1191
21135,2015,108
21135,2019,97
21136,2015,837
21136,2019,868
21137,2015,339
21137,2019,458
21138,2015,715
21138,2019,797
21139,2015,112
21139,2019,141
21140,2015,8314
21140,2019,9956
21141,2015,115
21141,2019,130
21142,2015,2012
21142,2019,2322
21143,2015,1311
21143,2019,1627
21144,2015,2195
21144,2019,2838
21145,2015,135
21145,2019,162
21146,2015,171
21146,2019,184
21147,2015,595
21147,2019,688
21148,2015,78
21148,2019,90
21149,2015,698
21149,2019,1044
21150,2015,173
21150,2019,223
21151,2015,593
21151,2019,636
21152,2015,350
21152,2019,394
21153,2015,883
21153,2019,1149
21154,2015,3864
21154,2019,4755
21155,2015,166
21155,2019,209
21156,2015,17882
21156,2019,20949
21157,2015,512
21157,2019,618
21158,2015,135
21158,2019,165
21159,2015,955
21159,2019,921
21160,2015,77
21160,2019,94
21161,2015,646
21161,2019,903
21162,2015,204
21162,2019,202
21163,2015,833
21163,2019,1081
21164,2015,4575
21164,2019,5322
21165,2015,162
21165,2019,148
21166,2015,398
21166,2019,442
21167,2015,66
21167,2019,77
21168,2015,586
21168,2019,688
21169,2015,442
21169,2019,540
21170,2015,347
21170,2019,509
21171,2015,222
21171,2019,291
21172,2015,709
21172,2019,813
21173,2015,344
21173,2019,386
21174,2015,5214
21174,2019,5912
21175,2015,367
21175,2019,360
21176,2015,132
21176,2019,165
21177,2015,2499
21177,2019,3354
21178,2015,153
21178,2019,156
21179,2015,640
21179,2019,842
21180,2015,1293
21180,2019,1653
21181,2015,280
21181,2019,392
21182,2015,307
21182,2019,341
21183,2015,240
21183,2019,302
21184,2015,50
21184,2019,58
21185,2015,259
21185,2019,296
21186,2015,1562
21186,2019,1779
21187,2015,97
21187,2019,108
21188,2015,455
21188,2019,525
21189,2015,969
21189,2019,1186
21190,2015,73
21190,2019,67
21191,2015,717
21191,2019,832
21192,2015,121
21192,2019,138
21193,2015,221
21193,2019,242
21194,2015,1671
21194,2019,2134
21195,2015,390
21195,2019,356
21196,2015,64
21196,2019,69
21197,2015,4065
21197,2019,4467
21198,2015,40
21198,2019,66
21199,2015,1013
21199,2019,1428
21200,2015,106
21200,2019,117
21201,2015,99
21201,2019,106
21202,2015,318
21202,2019,442
21203,2015,315
21203,2019,373
21204,2015,267
21204,2019,313
21205,2015,900
21205,2019,1098
21206,2015,80
21206,2019,92
21207,2015,2104
21207,2019,2452
21208,2015,3712
21208,2019,4094
21209,2015,323
21209,2019,389
21210,2015,152
21210,2019,198
21211,2015,1050
21211,2019,1230
21212,2015,1139
21212,2019,1103
21213,2015,137
21213,2019,181
21214,2015,1119
21214,2019,1547
21215,2015,175
21215,2019,218
21216,2015,64
21216,2019,64
21217,2015,562
21217,2019,561
22001,2015,1126
22001,2019,1358
22002,2015,230
22002,2019,226
22003,2015,138
22003,2019,149
22004,2015,1570
22004,2019,1804
22005,2015,689
22005,2019,1049
22006,2015,4993
22006,2019,5565
22007,2015,2341
22007,2019,2694
22008,2015,410
22008,2019,516
22009,2015,971
22009,2019,1122
22010,2015,111
22010,2019,143
22011,2015,2607
22011,2019,4147
22012,2015,2190
22012,2019,2694
22013,2015,148
22013,2019,160
22014,2015,40207
22014,2019,45370
22015,2015,277
22015,2019,317
22016,2015,10864
22016,2019,11852
22017,2015,3690
22017,2019,4302
22018,2015,509
22018,2019,671
23001,2015,3929
23001,2019,4759
23002,2015,1825
23002,2019,1980
23003,2015,1069
23003,2019,1248
23004,2015,8146
23004,2019,8751
23005,2015,25716
23005,2019,26580
23006,2015,836
23006,2019,911
23007,2015,437
23007,2019,759
23008,2015,7771
23008,2019,10139
23009,2015,1448
23009,2019,2302
23010,2015,791
23010,2019,906
23011,2019,1064
24001,2015,441
24001,2019,503
24002,2015,63
24002,2019,69
24003,2015,214
24003,2019,351
24004,2015,26
24004,2019,39
24005,2015,1089
24005,2019,1080
24006,2015,307
24006,2019,352
24007,2015,689
24007,2019,784
24008,2015,1309
24008,2019,1391
24009,2015,14
24009,2019,43
24010,2015,933
24010,2019,1043
24011,2015,1809
24011,2019,2243
24012,2015,311
24012,2019,333
24013,2015,7282
24013,2019,8018
24014,2015,183
24014,2019,228
24015,2015,823
24015,2019,885
24016,2015,1615
24016,2019,2041
24017,2015,104
24017,2019,88
24018,2015,49
24018,2019,57
24019,2015,40
24019,2019,38
24020,2015,5095
24020,2019,5443
24021,2015,163
24021,2019,256
24022,2015,469
24022,2019,510
24023,2015,399
24023,2019,449
24024,2015,4137
24024,2019,4667
24025,2015,1253
24025,2019,1260
24026,2015,53
24026,2019,62
24027,2015,515
24027,2019,577
24028,2015,39652
24028,2019,42131
24029,2015,182
24029,2019,201
24030,2015,42
24030,2019,37
24031,2015,14
24031,2019,15
24032,2015,1278
24032,2019,1342
24033,2015,53
24033,2019,57
24034,2015,443
24034,2019,455
24035,2015,9587
24035,2019,9934
24036,2015,781
24036,2019,804
24037,2015,2187
24037,2019,2175
24038,2015,131
24038,2019,160
24039,2015,221
24039,2019,237
24040,2015,1251
24040,2019,1272
24041,2015,193
24041,2019,256
24042,2015,702
24042,2019,743
24043,2015,462
24043,2019,435
24044,2015,173
24044,2019,171
24045,2015,568
24045,2019,613
24046,2015,422
24046,2019,503
24047,2015,66
24047,2019,85
24048,2015,167
24048,2019,175
24049,2015,953
24049,2019,1146
24050,2015,1030
24050,2019,1256
24051,2015,270
24051,2019,297
24052,2015,207
24052,2019,251
24053,2015,727
24053,2019,885
24054,2015,664
24054,2019,815
24055,2015,366
24055,2019,359
24056,2015,607
24056,2019,689
24057,2015,557
24057,2019,612
24058,2015,820
24058,2019,861
25001,2015,16287
25001,2019,19175
25002,2015,1206
25002,2019,1499
25003,2015,270
25003,2019,290
25004,2015,550
25004,2019,490
25005,2015,439
25005,2019,471
25006,2015,32225
25006,2019,37341
25007,2015,498
25007,2019,578
25008,2015,1183
25008,2019,1154
25009,2015,2400
25009,2019,2537
25010,2015,1940
25010,2019,2172
25011,2015,9127
25011,2019,10472
25012,2015,18804
25012,2019,21119
25013,2015,678
25013,2019,709
25014,2015,1212
25014,2019,1266
25015,2015,3813
25015,2019,3984
25016,2015,464
25016,2019,505
25017,2015,939
25017,2019,1038
25018,2015,3852
25018,2019,3951
26001,2015,113
26001,2019,95
26002,2015,3023
26002,2019,3046
26003,2015,589
26003,2019,568
26004,2015,448
26004,2019,429
26005,2015,22
26005,2019,25
26006,2015,90
26006,2019,93
26007,2015,23
26007,2019,29
26008,2015,38
26008,2019,42
26009,2015,27
26009,2019,33
26010,2015,43
26010,2019,53
26011,2015,28
26011,2019,56
26012,2015,594
26012,2019,646
26013,2015,88
26013,2019,85
26014,2015,89
26014,2019,95
26015,2015,30
26015,2019,36
26016,2015,180
26016,2019,217
26017,2015,3244
26017,2019,3486
26018,2015,16046
26018,2019,17275
26019,2015,1048
26019,2019,1255
26020,2015,177
26020,2019,182
26021,2015,23
26021,2019,26
26022,2015,25
26022,2019,37
26023,2015,229
26023,2019,232
26024,2015,16
26024,2019,21
26025,2015,1560
26025,2019,1601
26026,2015,1131
26026,2019,1225
26027,2015,258
26027,2019,218
26028,2015,25
26028,2019,44
26029,2015,5132
26029,2019,5460
26030,2015,30324
26030,2019,32762
26031,2015,46
26031,2019,42
26032,2015,22
26032,2019,52
26033,2015,2146
26033,2019,2622
26034,2015,34
26034,2019,27
26035,2015,320
26035,2019,361
26036,2015,1052
26036,2019,1187
26037,2015,77
26037,2019,100
26038,2015,273
26038,2019,272
26039,2015,242
26039,2019,229
26040,2015,43
26040,2019,62
26041,2015,513
26041,2019,526
26042,2015,5456
26042,2019,5536
26043,2015,6531
26043,2019,7536
26044,2015,20
26044,2019,19
26045,2015,93
26045,2019,85
26046,2015,8
26046,2019,11
26047,2015,325
26047,2019,342
26048,2015,2927
26048,2019,3433
26049,2015,51
26049,2019,56
26050,2015,57
26050,2019,55
26051,2015,148
26051,2019,171
26052,2015,192
26052,2019,169
26053,2015,10
26053,2019,13
26054,2015,18
26054,2019,15
26055,2015,7200
26055,2019,7708
26056,2015,185
26056,2019,257
26057,2015,41
26057,2019,49
26058,2015,531
26058,2019,574
26059,2015,28
26059,2019,52
26060,2015,21
26060,2019,28
26061,2015,8
26061,2019,12
26062,2015,43
26062,2019,45
26063,2015,37
26063,2019,42
26064,2015,50
26064,2019,75
26065,2015,7
26065,2019,16
26066,2015,259
26066,2019,275
26067,2015,34
26067,2019,46
26068,2015,17
26068,2019,17
26069,2015,127
26069,2019,158
26070,2015,693
26070,2019,597
26071,2015,747
26071,2019,832
26072,2015,415
26072,2019,558
27001,2015,1162
27001,2019,1535
27002,2015,8064
27002,2019,9344
27003,2015,2677
27003,2019,3352
27004,2015,24015
27004,2019,27937
27005,2015,5321
27005,2019,6883
27006,2015,2391
27006,2019,2691
27007,2015,1524
27007,2019,1929
27008,2015,3521
27008,2019,4123
27009,2015,366
27009,2019,425
27010,2015,1759
27010,2019,2206
27011,2015,589
27011,2019,701
27012,2015,3661
27012,2019,4571
27013,2015,2255
27013,2019,3082
27014,2015,2301
27014,2019,2700
27015,2015,718
27015,2019,824
27016,2015,1786
27016,2019,1843
27017,2015,1757
27017,2019,2350
28001,2015,480
28001,2019,395
28002,2015,940
28002,2019,1011
28003,2015,5917
28003,2019,7559
28004,2015,189
28004,2019,206
28005,2015,130
28005,2019,108
28006,2015,87
28006,2019,89
28007,2015,753
28007,2019,740
28008,2015,27
28008,2019,29
28009,2015,5778
28009,2019,6154
28010,2015,47
28010,2019,45
28011,2015,131
28011,2019,137
28012,2015,1581
28012,2019,1676
28013,2015,84
28013,2019,83
28014,2015,125
28014,2019,187
28015,2015,651
28015,2019,751
28016,2015,514
28016,2019,426
28017,2015,386
28017,2019,443
28018,2015,263
28018,2019,241
28019,2015,242
28019,2019,290
28020,2015,24
28020,2019,24
28021,2015,4699
28021,2019,4336
28022,2015,18179
28022,2019,18894
28023,2015,79
28023,2019,50
28024,2015,220
28024,2019,263
28025,2015,1682
28025,2019,1688
28026,2015,96
28026,2019,103
28027,2015,12391
28027,2019,13542
28028,2015,102
28028,2019,143
28029,2015,354
28029,2019,413
28030,2015,518
28030,2019,500
28031,2015,67
28031,2019,53
28032,2015,21057
28032,2019,20494
28033,2015,4345
28033,2019,4945
28034,2015,112
28034,2019,90
28035,2015,1667
28035,2019,1710
28036,2015,5
28036,2019,2
28037,2015,754
28037,2019,746
28038,2015,13287
28038,2019,13725
28039,2015,864
28039,2019,978
28040,2015,2979
28040,2019,3444
28041,2015,11354
28041,2019,11257
28042,2015,82
28042,2019,75
28043,2015,633
28043,2019,666
29001,2015,538
29001,2019,640
29002,2015,753
29002,2019,782
29003,2015,58
29003,2019,54
29004,2015,357
29004,2019,398
29005,2015,7265
29005,2019,7476
29006,2015,2660
29006,2019,3074
29007,2015,897
29007,2019,970
29008,2015,504
29008,2019,649
29009,2015,137
29009,2019,174
29010,2015,6031
29010,2019,6418
29011,2015,148
29011,2019,185
29012,2015,141
29012,2019,188
29013,2015,4793
29013,2019,5215
29014,2015,535
29014,2019,754
29015,2015,1684
29015,2019,1821
29016,2015,505
29016,2019,604
29017,2015,559
29017,2019,759
29018,2015,1997
29018,2019,2244
29019,2015,1054
29019,2019,1252
29020,2015,393
29020,2019,447
29021,2015,774
29021,2019,961
29022,2015,136
29022,2019,143
29023,2015,914
29023,2019,1082
29024,2015,901
29024,2019,991
29025,2015,4275
29025,2019,5122
29026,2015,765
29026,2019,897
29027,2015,700
29027,2019,747
29028,2015,1073
29028,2019,1333
29029,2015,131
29029,2019,175
29030,2015,411
29030,2019,449
29031,2015,1255
29031,2019,1414
29032,2015,347
29032,2019,444
29033,2015,6586
29033,2019,7199
29034,2015,1423
29034,2019,1628
29035,2015,312
29035,2019,342
29036,2015,751
29036,2019,805
29037,2015,318
29037,2019,391
29038,2015,637
29038,2019,744
29039,2015,1393
29039,2019,1604
29040,2015,199
29040,2019,226
29041,2015,1769
29041,2019,2045
29042,2015,830
29042,2019,1010
29043,2015,1153
29043,2019,1267
29044,2015,3145
29044,2019,3558
29045,2015,291
29045,2019,362
29046,2015,197
29046,2019,191
29047,2015,130
29047,2019,154
29048,2015,1042
29048,2019,1181
29049,2015,266
29049,2019,317
29050,2015,740
29050,2019,807
29051,2015,203
29051,2019,201
29052,2015,243
29052,2019,336
29053,2015,658
29053,2019,725
29054,2015,331
29054,2019,361
29055,2015,136
29055,2019,149
29056,2015,343
29056,2019,443
29057,2015,276
29057,2019,297
29058,2015,486
29058,2019,485
29059,2015,454
29059,2019,567
29060,2015,225
29060,2019,281
30001,2015,67
30001,2019,261
30002,2015,281
30002,2019,345
30003,2015,4007
30003,2019,4212
30004,2015,482
30004,2019,545
30005,2015,149
30005,2019,170
30006,2015,205
30006,2019,293
30007,2015,95
30007,2019,107
30008,2015,93
30008,2019,124
30009,2015,597
30009,2019,688
30010,2015,1700
30010,2019,1905
30011,2015,1699
30011,2019,1997
30012,2015,115
30012,2019,117
30013,2015,1510
30013,2019,1659
30014,2015,1126
30014,2019,1369
30015,2015,972
30015,2019,1056
30016,2015,1603
30016,2019,1655
30017,2015,50
30017,2019,56
30018,2015,21
30018,2019,31
30019,2015,109
30019,2019,166
30020,2015,89
30020,2019,106
30021,2015,790
30021,2019,965
30022,2015,553
30022,2019,656
30023,2015,557
30023,2019,578
30024,2015,212
30024,2019,312
30025,2015,393
30025,2019,521
30026,2015,1001
30026,2019,1294
30027,2015,113
30027,2019,202
30028,2015,6513
30028,2019,7109
30029,2015,58
30029,2019,69
30030,2015,2189
30030,2019,2395
30031,2015,62
30031,2019,87
30032,2015,1786
30032,2019,1895
30033,2015,452
30033,2019,431
30034,2015,1153
30034,2019,1241
30035,2015,365
30035,2019,478
30036,2015,440
30036,2019,514
30037,2015,256
30037,2019,220
30038,2015,3923
30038,2019,4357
30039,2015,15506
30039,2019,14541
30040,2015,1265
30040,2019,1262
30041,2015,47
30041,2019,65
30042,2015,190
30042,2019,187
30043,2015,315
30043,2019,424
30044,2015,11730
30044,2019,11729
30045,2015,2494
30045,2019,3000
30046,2015,316
30046,2019,361
30047,2015,1545
30047,2019,1940
30048,2015,4339
30048,2019,4920
30049,2015,245
30049,2019,348
30050,2015,384
30050,2019,265
30051,2015,851
30051,2019,869
30052,2015,261
30052,2019,439
30053,2015,1232
30053,2019,1480
30054,2015,290
30054,2019,326
30055,2015,113
30055,2019,135
30056,2015,66
30056,2019,60
30057,2015,217
30057,2019,282
30058,2015,474
30058,2019,617
30059,2015,409
30059,2019,514
30060,2015,443
30060,2019,491
30061,2015,2108
30061,2019,2415
30062,2015,547
30062,2019,668
30063,2015,183
30063,2019,219
30064,2015,72
30064,2019,65
30065,2015,1262
30065,2019,2465
30066,2015,623
30066,2019,568
30067,2015,428
30067,2019,495
30068,2015,2481
30068,2019,2469
30069,2015,1196
30069,2019,1122
30070,2015,313
30070,2019,353
30071,2015,2528
30071,2019,3105
30072,2015,390
30072,2019,548
30073,2015,802
30073,2019,800
30074,2015,119
30074,2019,174
30075,2015,421
30075,2019,395
30076,2015,46
30076,2019,50
30077,2015,1605
30077,2019,1899
30078,2015,243
30078,2019,294
30079,2015,201
30079,2019,253
30080,2015,361
30080,2019,444
30081,2015,620
30081,2019,705
30082,2015,428
30082,2019,505
30083,2015,321
30083,2019,463
30084,2015,91
30084,2019,121
30085,2015,1937
30085,2019,2427
30086,2015,833
30086,2019,1022
30087,2015,23065
30087,2019,25694
30088,2015,269
30088,2019,319
30089,2015,1705
30089,2019,2016
30090,2015,236
30090,2019,172
30091,2015,595
30091,2019,610
30092,2015,1331
30092,2019,1664
30093,2015,340
30093,2019,405
30094,2015,1216
30094,2019,1393
30095,2015,330
30095,2019,505
30096,2015,52
30096,2019,57
30097,2015,1146
30097,2019,1115
30098,2015,50
30098,2019,79
30099,2015,579
30099,2019,886
30100,2015,270
30100,2019,366
30101,2015,599
30101,2019,625
30102,2015,4902
30102,2019,5240
30103,2015,217
30103,2019,215
30104,2015,320
30104,2019,459
30105,2015,1199
30105,2019,1631
30106,2015,213
30106,2019,266
30107,2015,17
30107,2019,19
30108,2015,6770
30108,2019,7736
30109,2015,2472
30109,2019,2609
30110,2015,59
30110,2019,117
30111,2015,469
30111,2019,541
30112,2015,1164
30112,2019,1264
30113,2015,108
30113,2019,128
30114,2015,201
30114,2019,215
30115,2015,1166
30115,2019,1242
30116,2015,683
30116,2019,891
30117,2015,413
30117,2019,461
30118,2015,9384
30118,2019,9385
30119,2015,291
30119,2019,286
30120,2015,577
30120,2019,779
30121,2015,422
30121,2019,547
30122,2015,496
30122,2019,732
30123,2015,2780
30123,2019,2863
30124,2015,4200
30124,2019,4381
30125,2015,976
30125,2019,1072
30126,2015,428
30126,2019,497
30127,2015,216
30127,2019,267
30128,2015,3885
30128,2019,4840
30129,2015,660
30129,2019,732
30130,2015,1507
30130,2019,1705
30131,2015,9957
30131,2019,10139
30132,2015,692
30132,2019,892
30133,2015,1290
30133,2019,1689
30134,2015,255
30134,2019,310
30135,2015,576
30135,2019,806
30136,2015,191
30136,2019,269
30137,2015,36
30137,2019,55
30138,2015,2021
30138,2019,1855
30139,2015,131
30139,2019,139
30140,2015,30
30140,2019,46
30141,2015,3846
30141,2019,4482
30142,2015,694
30142,2019,709
30143,2015,1092
30143,2019,1147
30144,2015,730
30144,2019,845
30145,2015,442
30145,2019,441
30146,2015,46
30146,2019,56
30147,2015,343
30147,2019,403
30148,2015,793
30148,2019,936
30149,2015,626
30149,2019,771
30150,2015,428
30150,2019,573
30151,2015,355
30151,2019,524
30152,2015,146
30152,2019,245
30153,2015,76
30153,2019,88
30154,2015,106
30154,2019,107
30155,2015,1927
30155,2019,2130
30156,2015,61
30156,2019,71
30157,2015,250
30157,2019,297
30158,2015,1029
30158,2019,1068
30159,2015,293
30159,2019,418
30160,2015,2891
30160,2019,3175
30161,2015,750
30161,2019,771
30162,2015,77
30162,2019,95
30163,2015,85
30163,2019,124
30164,2015,566
30164,2019,692
30165,2015,70
30165,2019,83
30166,2015,99
30166,2019,85
30167,2015,330
30167,2019,386
30168,2015,196
30168,2019,285
30169,2015,577
30169,2019,603
30170,2015,41
30170,2019,70
30171,2015,85
30171,2019,123
30172,2015,454
30172,2019,566
30173,2015,1043
30173,2019,1162
30174,2015,3738
30174,2019,4305
30175,2015,2196
30175,2019,2436
30176,2015,208
30176,2019,300
30177,2015,81
30177,2019,97
30178,2015,825
30178,2019,840
30179,2015,129
30179,2019,187
30180,2015,99
30180,2019,140
30181,2015,1022
30181,2019,994
30182,2015,248
30182,2019,325
30183,2015,2909
30183,2019,2880
30184,2015,86
30184,2019,111
30185,2015,151
30185,2019,200
30186,2015,260
30186,2019,286
30187,2015,73
30187,2019,90
30188,2015,302
30188,2019,364
30189,2015,5411
30189,2019,5520
30190,2015,135
30190,2019,138
30191,2015,807
30191,2019,1199
30192,2015,918
30192,2019,921
30193,2015,24174
30193,2019,25617
30194,2015,379
30194,2019,530
30195,2015,147
30195,2019,192
30196,2015,466
30196,2019,543
30197,2015,275
30197,2019,227
30198,2015,75
30198,2019,76
30199,2015,411
30199,2019,580
30200,2015,63
30200,2019,84
30201,2015,610
30201,2019,755
30202,2015,78
30202,2019,95
30203,2015,277
30203,2019,206
30204,2015,1668
30204,2019,1587
30205,2015,606
30205,2019,764
30206,2015,1099
30206,2019,1115
30207,2015,1734
30207,2019,2040
30208,2015,907
30208,2019,857
30209,2015,356
30209,2019,466
30210,2015,265
30210,2019,389
30211,2015,977
30211,2019,997
30212,2015,161
30212,2019,175
31001,2015,72
31001,2019,81
31002,2015,508
31002,2019,511
31003,2015,1292
31003,2019,1359
31004,2015,237
31004,2019,275
31005,2015,104
31005,2019,143
31006,2015,453
31006,2019,513
31007,2015,368
31007,2019,489
31008,2015,196
31008,2019,161
31009,2015,187
31009,2019,221
31010,2015,195
31010,2019,266
31011,2015,528
31011,2019,761
31012,2015,249
31012,2019,320
31013,2015,338
31013,2019,510
31014,2015,52
31014,2019,79
31015,2015,211
31015,2019,169
31016,2015,406
31016,2019,536
31017,2015,35
31017,2019,76
31018,2015,144
31018,2019,155
31019,2015,989
31019,2019,1118
31020,2015,188
31020,2019,245
31021,2015,177
31021,2019,256
31022,2015,228
31022,2019,345
31023,2015,256
31023,2019,325
31024,2015,791
31024,2019,766
31025,2015,603
31025,2019,597
31026,2015,140
31026,2019,156
31027,2015,510
31027,2019,479
31028,2015,262
31028,2019,379
31029,2015,333
31029,2019,347
31030,2015,276
31030,2019,335
31031,2015,157
31031,2019,127
31032,2015,1065
31032,2019,1244
31033,2015,897
31033,2019,1263
31034,2015,169
31034,2019,198
31035,2015,261
31035,2019,250
31036,2015,300
31036,2019,384
31037,2015,373
31037,2019,469
31038,2015,1323
31038,2019,1627
31039,2015,180
31039,2019,250
31040,2015,1812
31040,2019,2204
31041,2015,2401
31041,2019,3235
31042,2015,149
31042,2019,168
31043,2015,153
31043,2019,227
31044,2015,259
31044,2019,302
31045,2015,101
31045,2019,141
31046,2015,414
31046,2019,460
31047,2015,700
31047,2019,685
31048,2015,685
31048,2019,799
31049,2015,707
31049,2019,701
31050,2015,44471
31050,2019,47500
31051,2015,71
31051,2019,88
31052,2015,1594
31052,2019,1735
31053,2015,884
31053,2019,901
31054,2015,123
31054,2019,126
31055,2015,168
31055,2019,195
31056,2015,1864
31056,2019,2122
31057,2015,331
31057,2019,347
31058,2015,1553
31058,2019,1629
31059,2015,3476
31059,2019,3410
31060,2015,54
31060,2019,99
31061,2015,158
31061,2019,214
31062,2015,207
31062,2019,258
31063,2015,122
31063,2019,215
31064,2015,37
31064,2019,63
31065,2015,116
31065,2019,122
31066,2015,235
31066,2019,256
31067,2015,325
31067,2019,316
31068,2015,181
31068,2019,145
31069,2015,352
31069,2019,463
31070,2015,207
31070,2019,230
31071,2015,62
31071,2019,66
31072,2015,99
31072,2019,93
31073,2015,758
31073,2019,922
31074,2015,164
31074,2019,149
31075,2015,1229
31075,2019,1233
31076,2015,326
31076,2019,387
31077,2015,204
31077,2019,223
31078,2015,212
31078,2019,232
31079,2015,2438
31079,2019,2693
31080,2015,1199
31080,2019,1546
31081,2015,192
31081,2019,293
31082,2015,211
31082,2019,226
31083,2015,187
31083,2019,232
31084,2015,327
31084,2019,340
31085,2015,1227
31085,2019,1480
31086,2015,135
31086,2019,181
31087,2015,168
31087,2019,226
31088,2015,92
31088,2019,120
31089,2015,2636
31089,2019,2842
31090,2015,83
31090,2019,103
31091,2015,735
31091,2019,943
31092,2015,316
31092,2019,347
31093,2015,624
31093,2019,691
31094,2015,316
31094,2019,388
31095,2015,129
31095,2019,170
31096,2015,3353
31096,2019,3686
31097,2015,169
31097,2019,210
31098,2015,930
31098,2019,1053
31099,2015,234
31099,2019,325
31100,2015,83
31100,2019,111
31101,2015,2006
31101,2019,2370
31102,2015,4460
31102,2019,5283
31103,2015,146
31103,2019,147
31104,2015,234
31104,2019,315
31105,2015,117
31105,2019,169
31106,2015,114
31106,2019,95
32001,2015,155
32001,2019,166
32002,2015,85
32002,2019,73
32003,2015,95
32003,2019,102
32004,2015,234
32004,2019,206
32005,2015,2052
32005,2019,2358
32006,2015,258
32006,2019,302
32007,2015,448
32007,2019,483
32008,2015,373
32008,2019,376
32009,2015,342
32009,2019,332
32010,2015,8563
32010,2019,9039
32011,2015,187
32011,2019,179
32012,2015,89
32012,2019,103
32013,2015,175
32013,2019,173
32014,2015,382
32014,2019,401
32015,2015,47
32015,2019,45
32016,2015,592
32016,2019,580
32017,2015,6767
32017,2019,7631
32018,2015,106
32018,2019,129
32019,2015,1102
32019,2019,1219
32020,2015,3295
32020,2019,3725
32021,2015,127
32021,2019,98
32022,2015,1148
32022,2019,1304
32023,2015,719
32023,2019,668
32024,2015,1977
32024,2019,2025
32025,2015,435
32025,2019,429
32026,2015,95
32026,2019,137
32027,2015,34
32027,2019,39
32028,2015,87
32028,2019,85
32029,2015,849
32029,2019,961
32030,2015,146
32030,2019,137
32031,2015,323
32031,2019,329
32032,2015,470
32032,2019,579
32033,2015,157
32033,2019,144
32034,2015,1522
32034,2019,1506
32035,2015,89
32035,2019,98
32036,2015,1348
32036,2019,1552
32037,2015,378
32037,2019,392
32038,2015,676
32038,2019,768
32039,2015,2625
32039,2019,2886
32040,2015,361
32040,2019,472
32041,2015,43
32041,2019,60
32042,2015,2068
32042,2019,2195
32043,2015,42
32043,2019,46
32044,2015,623
32044,2019,683
32045,2015,381
32045,2019,445
32046,2015,148
32046,2019,148
32047,2015,324
32047,2019,293
32048,2015,1628
32048,2019,1789
32049,2015,1147
32049,2019,1162
32050,2015,142
32050,2019,179
32051,2015,831
32051,2019,1005
32052,2015,419
32052,2019,482
32053,2015,408
32053,2019,439
32054,2015,330
32054,2019,374
32055,2015,1086
32055,2019,1477
32056,2015,7827
32056,2019,7924
32057,2015,590
32057,2019,610
32058,2015,146
32058,2019,159
